onset	duration	trial_type	disobedience	InstructionToButtonTime	InstructionToToneTime	modulation
-29.97	0.0	Unknown2	n/a	n/a	n/a	1
-29.97	0.0	Unknown2	n/a	n/a	n/a	1
0.0	0.0	FirstfMRITrigger	n/a	n/a	n/a	1
1.0400000000000027	0.0	FixationCross	n/a	n/a	n/a	1
6.640000000000001	0.5	Audio	n/a	n/a	n/a	1
6.640000000000001	3.6899999999999977	Agency	n/a	3.6899999999999977	4.049999999999997	0.8895262012449823
6.640000000000001	0.5	AudioDontSendShock	n/a	n/a	n/a	1
6.640000000000001	0.5	AudioInstruction	n/a	3.6899999999999977	4.049999999999997	1
9.160000000000004	0.0	Map2	n/a	n/a	n/a	1
10.329999999999998	0.0	Button	n/a	n/a	n/a	1
10.329999999999998	0.0	AgentNoShock	n/a	n/a	n/a	1
10.489999999999998	1.5	WitnessNoShock	n/a	n/a	n/a	1
10.689999999999998	0.2	AudioTone	n/a	n/a	n/a	1
10.689999999999998	0.2	AudioTone	n/a	n/a	n/a	1
10.689999999999998	0.0	LogNoShock	n/a	n/a	n/a	1
10.699999999999998	9.260000000000003	RatingScale	n/a	n/a	n/a	1
20.08	0.0	FixationCross	n/a	n/a	n/a	1
21.380000000000003	0.0	FixationCross	n/a	n/a	n/a	1
22.18	0.5	AudioDontSendShock	n/a	n/a	n/a	1
22.18	0.5	AudioInstruction	n/a	3.480000000000004	3.730000000000004	1
22.18	0.5	Audio	n/a	n/a	n/a	1
22.18	3.480000000000004	Agency	n/a	3.480000000000004	3.730000000000004	0.2375329836075109
24.71	0.0	Map2	n/a	n/a	n/a	1
25.660000000000004	0.0	Button	n/a	n/a	n/a	1
25.660000000000004	0.0	AgentNoShock	n/a	n/a	n/a	1
25.710000000000004	1.5	WitnessNoShock	n/a	n/a	n/a	1
25.910000000000004	0.2	AudioTone	n/a	n/a	n/a	1
25.910000000000004	0.2	AudioTone	n/a	n/a	n/a	1
25.910000000000004	0.2	Audio	n/a	n/a	n/a	1
25.920000000000005	9.06999999999999	RatingScale	n/a	n/a	n/a	1
35.099999999999994	0.0	FixationCross	n/a	n/a	n/a	1
36.44	0.0	FixationCross	n/a	n/a	n/a	1
36.64	4.3799999999999955	Agency	n/a	4.3799999999999955	5.230000000000004	3.1270483799554496
36.64	0.5	AudioSendShock	n/a	n/a	n/a	1
36.64	0.5	Audio	n/a	n/a	n/a	1
36.64	0.5	AudioInstruction	n/a	4.3799999999999955	5.230000000000004	1
39.17	0.0	Map1	n/a	n/a	n/a	1
40.81999999999999	1.5	WitnessShock	n/a	n/a	n/a	1
41.019999999999996	0.0	AgentShock	n/a	n/a	n/a	1
41.870000000000005	0.2	Audio	n/a	n/a	n/a	1
41.870000000000005	0.2	AudioTone	n/a	n/a	n/a	1
41.870000000000005	0.2	AudioTone	n/a	n/a	n/a	1
41.879999999999995	0.0	LogShock	n/a	n/a	n/a	1
41.88999999999999	9.070000000000014	RatingScale	n/a	n/a	n/a	1
51.07000000000001	0.0	FixationCross	n/a	n/a	n/a	1
52.879999999999995	0.0	FixationCross	n/a	n/a	n/a	1
56.08	0.5	AudioInstruction	n/a	3.3800000000000097	4.230000000000004	1
56.08	0.5	AudioSendShock	n/a	n/a	n/a	1
56.08	0.5	Audio	n/a	n/a	n/a	1
56.08	3.3800000000000097	Agency	n/a	3.3800000000000097	4.230000000000004	-0.4796595557937101
58.61	0.0	Map1	n/a	n/a	n/a	1
59.46000000000001	0.0	Button	n/a	n/a	n/a	1
59.46000000000001	0.0	AgentShock	n/a	n/a	n/a	1
60.11	1.5	WitnessShock	n/a	n/a	n/a	1
60.31	0.0	LogShock	n/a	n/a	n/a	1
60.31	0.2	Audio	n/a	n/a	n/a	1
60.31	0.2	AudioTone	n/a	n/a	n/a	1
60.32	8.07	RatingScale	n/a	n/a	n/a	1
68.5	0.0	FixationCross	n/a	n/a	n/a	1
70.04	0.0	FixationCross	n/a	n/a	n/a	1
73.84	3.3999999999999915	Agency	n/a	3.3999999999999915	3.969999999999999	-1.0783078738063676
73.84	0.5	Audio	n/a	n/a	n/a	1
73.84	0.5	AudioInstruction	n/a	3.3999999999999915	3.969999999999999	1
73.84	0.5	AudioDontSendShock	n/a	n/a	n/a	1
76.38	0.0	Map1	n/a	n/a	n/a	1
77.03999999999999	1.5	WitnessNoShock	n/a	n/a	n/a	1
77.24	0.0	AgentNoShock	n/a	n/a	n/a	1
77.81	0.0	LogNoShock	n/a	n/a	n/a	1
77.81	0.2	AudioTone	n/a	n/a	n/a	1
77.81	0.2	AudioTone	n/a	n/a	n/a	1
77.81	0.2	Audio	n/a	n/a	n/a	1
77.82000000000001	8.099999999999994	RatingScale	n/a	n/a	n/a	1
86.03	0.0	FixationCross	n/a	n/a	n/a	1
88.03	0.0	FixationCross	n/a	n/a	n/a	1
91.23	3.4599999999999937	Agency	n/a	3.4599999999999937	3.989999999999995	-0.1803353967874557
91.23	0.5	Audio	n/a	n/a	n/a	1
91.23	0.5	AudioInstruction	n/a	3.4599999999999937	3.989999999999995	1
91.23	0.5	AudioSendShock	n/a	n/a	n/a	1
93.76	0.0	Map1	n/a	n/a	n/a	1
94.69	0.0	AgentShock	n/a	n/a	n/a	1
94.69	0.0	Button	n/a	n/a	n/a	1
95.02	1.5	WitnessShock	n/a	n/a	n/a	1
95.22	0.2	AudioTone	n/a	n/a	n/a	1
95.22	0.2	Audio	n/a	n/a	n/a	1
95.23	0.0	LogShock	n/a	n/a	n/a	1
95.24000000000001	11.060000000000002	RatingScale	n/a	n/a	n/a	1
106.41	0.0	FixationCross	n/a	n/a	n/a	1
107.50999999999999	0.0	FixationCross	n/a	n/a	n/a	1
110.71000000000001	3.4199999999999875	Agency	n/a	3.4199999999999875	3.6500000000000057	-0.11217246948900894
110.71000000000001	0.5	AudioInstruction	n/a	3.4199999999999875	3.6500000000000057	1
110.71000000000001	0.5	AudioDontSendShock	n/a	n/a	n/a	1
110.71000000000001	0.5	Audio	n/a	n/a	n/a	1
113.24000000000001	0.0	Map1	n/a	n/a	n/a	1
113.92999999999999	1.5	WitnessNoShock	n/a	n/a	n/a	1
114.13	0.0	AgentNoShock	n/a	n/a	n/a	1
114.36000000000001	0.2	Audio	n/a	n/a	n/a	1
114.36000000000001	0.2	AudioTone	n/a	n/a	n/a	1
114.36000000000001	0.0	LogNoShock	n/a	n/a	n/a	1
114.36000000000001	0.2	AudioTone	n/a	n/a	n/a	1
114.37000000000002	10.059999999999988	RatingScale	n/a	n/a	n/a	1
124.53999999999999	0.0	FixationCross	n/a	n/a	n/a	1
126.02000000000001	0.0	FixationCross	n/a	n/a	n/a	1
126.82	3.3100000000000023	Agency	n/a	3.3100000000000023	3.8300000000000125	-0.9627272579524171
126.82	0.5	Audio	n/a	n/a	n/a	1
126.82	0.5	AudioDontSendShock	n/a	n/a	n/a	1
126.82	0.5	AudioInstruction	n/a	3.3100000000000023	3.8300000000000125	1
129.35	0.0	Map1	n/a	n/a	n/a	1
130.13	0.0	AgentNoShock	n/a	n/a	n/a	1
130.13	0.0	Button	n/a	n/a	n/a	1
130.45000000000002	1.5	WitnessNoShock	n/a	n/a	n/a	1
130.65	0.2	AudioTone	n/a	n/a	n/a	1
130.65	0.2	AudioTone	n/a	n/a	n/a	1
130.65	0.0	LogNoShock	n/a	n/a	n/a	1
130.66	8.060000000000002	RatingScale	n/a	n/a	n/a	1
138.82	0.0	FixationCross	n/a	n/a	n/a	1
140.43	0.0	FixationCross	n/a	n/a	n/a	1
142.43	0.5	Audio	n/a	n/a	n/a	1
142.43	0.5	AudioSendShock	n/a	n/a	n/a	1
142.43	3.5600000000000023	Agency	n/a	3.5600000000000023	3.780000000000001	0.6820738138148857
142.43	0.5	AudioInstruction	n/a	3.5600000000000023	3.780000000000001	1
144.97	0.0	Map2	n/a	n/a	n/a	1
145.79000000000002	1.5	WitnessShock	n/a	n/a	n/a	1
145.99	0.0	AgentShock	n/a	n/a	n/a	1
146.21	0.2	AudioTone	n/a	n/a	n/a	1
146.21	0.2	AudioTone	n/a	n/a	n/a	1
146.21	0.2	Audio	n/a	n/a	n/a	1
146.22	0.0	LogShock	n/a	n/a	n/a	1
146.23	9.070000000000022	RatingScale	n/a	n/a	n/a	1
155.41	0.0	FixationCross	n/a	n/a	n/a	1
157.01	0.0	FixationCross	n/a	n/a	n/a	1
162.61	0.5	AudioInstruction	n/a	3.589999999999975	4.4199999999999875	1
162.61	0.5	Audio	n/a	n/a	n/a	1
162.61	3.589999999999975	Agency	n/a	3.589999999999975	4.4199999999999875	-1.1612888287784606
162.61	0.5	AudioSendShock	n/a	n/a	n/a	1
165.15	0.0	Map2	n/a	n/a	n/a	1
166.0	1.5	WitnessShock	n/a	n/a	n/a	1
166.2	0.0	AgentShock	n/a	n/a	n/a	1
167.03	0.2	AudioTone	n/a	n/a	n/a	1
167.03	0.0	LogShock	n/a	n/a	n/a	1
167.03	0.2	Audio	n/a	n/a	n/a	1
167.03	0.2	AudioTone	n/a	n/a	n/a	1
167.04	10.060000000000002	RatingScale	n/a	n/a	n/a	1
177.21	0.0	FixationCross	n/a	n/a	n/a	1
179.07	0.0	FixationCross	n/a	n/a	n/a	1
181.07	3.490000000000009	Agency	n/a	3.490000000000009	4.02000000000001	-0.33147927905791896
181.07	0.5	Audio	n/a	n/a	n/a	1
181.07	0.5	AudioInstruction	n/a	3.490000000000009	4.02000000000001	1
181.07	0.5	AudioSendShock	n/a	n/a	n/a	1
183.6	0.0	Map2	n/a	n/a	n/a	1
184.36	1.5	WitnessShock	n/a	n/a	n/a	1
184.56	0.0	AgentShock	n/a	n/a	n/a	1
185.09	0.0	LogShock	n/a	n/a	n/a	1
185.09	0.2	AudioTone	n/a	n/a	n/a	1
185.09	0.2	Audio	n/a	n/a	n/a	1
185.09	0.2	AudioTone	n/a	n/a	n/a	1
185.1	8.069999999999993	RatingScale	n/a	n/a	n/a	1
193.27	0.0	FixationCross	n/a	n/a	n/a	1
194.44	0.0	FixationCross	n/a	n/a	n/a	1
197.04	3.490000000000009	Agency	n/a	3.490000000000009	4.3300000000000125	0.24049658914224223
197.04	0.5	AudioDontSendShock	n/a	n/a	n/a	1
197.04	0.5	AudioInstruction	n/a	3.490000000000009	4.3300000000000125	1
197.04	0.5	Audio	n/a	n/a	n/a	1
199.57	0.0	Map1	n/a	n/a	n/a	1
200.53	0.0	Button	n/a	n/a	n/a	1
200.53	0.0	AgentNoShock	n/a	n/a	n/a	1
201.17000000000002	1.5	WitnessNoShock	n/a	n/a	n/a	1
201.37	0.2	Audio	n/a	n/a	n/a	1
201.37	0.0	LogNoShock	n/a	n/a	n/a	1
201.37	0.2	AudioTone	n/a	n/a	n/a	1
201.38	11.050000000000011	RatingScale	n/a	n/a	n/a	1
212.53	0.0	FixationCross	n/a	n/a	n/a	1
213.87	0.0	FixationCross	n/a	n/a	n/a	1
214.67	0.5	Audio	n/a	n/a	n/a	1
214.67	3.440000000000026	Agency	n/a	3.440000000000026	3.670000000000016	0.6376197307942172
214.67	0.5	AudioInstruction	n/a	3.440000000000026	3.670000000000016	1
214.67	0.5	AudioSendShock	n/a	n/a	n/a	1
217.2	0.0	Map2	n/a	n/a	n/a	1
217.91000000000003	1.5	WitnessShock	n/a	n/a	n/a	1
218.11	0.0	AgentShock	n/a	n/a	n/a	1
218.34	0.2	AudioTone	n/a	n/a	n/a	1
218.34	0.2	AudioTone	n/a	n/a	n/a	1
218.34	0.2	Audio	n/a	n/a	n/a	1
218.35	0.0	LogShock	n/a	n/a	n/a	1
218.35999999999999	8.060000000000002	RatingScale	n/a	n/a	n/a	1
226.52	0.0	FixationCross	n/a	n/a	n/a	1
227.6	0.0	FixationCross	n/a	n/a	n/a	1
228.4	0.5	AudioSendShock	n/a	n/a	n/a	1
228.4	3.409999999999968	Agency	n/a	3.409999999999968	3.9399999999999977	-0.7582384760571242
228.4	0.5	Audio	n/a	n/a	n/a	1
228.4	0.5	AudioInstruction	n/a	3.409999999999968	3.9399999999999977	1
230.92	0.0	Map2	n/a	n/a	n/a	1
231.60999999999999	1.5	WitnessShock	n/a	n/a	n/a	1
231.80999999999997	0.0	AgentShock	n/a	n/a	n/a	1
232.34	0.2	AudioTone	n/a	n/a	n/a	1
232.34	0.2	Audio	n/a	n/a	n/a	1
232.34	0.2	AudioTone	n/a	n/a	n/a	1
232.35	0.0	LogShock	n/a	n/a	n/a	1
232.35999999999999	8.060000000000002	RatingScale	n/a	n/a	n/a	1
240.53	0.0	FixationCross	n/a	n/a	n/a	1
242.55999999999997	0.0	FixationCross	n/a	n/a	n/a	1
249.35999999999999	3.5400000000000205	Agency	n/a	3.5400000000000205	4.350000000000023	-1.3094691055141188
249.35999999999999	0.5	Audio	n/a	n/a	n/a	1
249.35999999999999	0.5	AudioInstruction	n/a	3.5400000000000205	4.350000000000023	1
249.35999999999999	0.5	AudioDontSendShock	n/a	n/a	n/a	1
251.89000000000001	0.0	Map1	n/a	n/a	n/a	1
252.70000000000002	1.5	WitnessNoShock	n/a	n/a	n/a	1
252.9	0.0	AgentNoShock	n/a	n/a	n/a	1
253.71	0.2	AudioTone	n/a	n/a	n/a	1
253.71	0.0	LogNoShock	n/a	n/a	n/a	1
253.71	0.2	Audio	n/a	n/a	n/a	1
253.71	0.2	AudioTone	n/a	n/a	n/a	1
253.72	11.059999999999974	RatingScale	n/a	n/a	n/a	1
264.89	0.0	FixationCross	n/a	n/a	n/a	1
266.71000000000004	0.0	FixationCross	n/a	n/a	n/a	1
268.11	0.5	Audio	n/a	n/a	n/a	1
268.11	0.5	AudioSendShock	n/a	n/a	n/a	1
268.11	3.3600000000000136	Agency	n/a	3.3600000000000136	4.189999999999941	-1.4487585656457844
268.11	0.5	AudioInstruction	n/a	3.3600000000000136	4.189999999999941	1
270.64	0.0	Map2	n/a	n/a	n/a	1
271.27000000000004	1.5	WitnessShock	n/a	n/a	n/a	1
271.47	0.0	AgentShock	n/a	n/a	n/a	1
272.29999999999995	0.2	Audio	n/a	n/a	n/a	1
272.29999999999995	0.2	AudioTone	n/a	n/a	n/a	1
272.29999999999995	0.2	AudioTone	n/a	n/a	n/a	1
272.30999999999995	0.0	LogShock	n/a	n/a	n/a	1
272.31999999999994	10.07000000000005	RatingScale	n/a	n/a	n/a	1
282.5	0.0	FixationCross	n/a	n/a	n/a	1
284.28999999999996	0.0	FixationCross	n/a	n/a	n/a	1
289.89	0.5	AudioSendShock	n/a	n/a	n/a	1
289.89	0.5	Audio	n/a	n/a	n/a	1
289.89	0.5	AudioInstruction	n/a	3.8500000000000227	4.3799999999999955	1
289.89	3.8500000000000227	Agency	n/a	3.8500000000000227	4.3799999999999955	0.8421085126896022
292.40999999999997	0.0	Map2	n/a	n/a	n/a	1
293.54	1.5	WitnessShock	n/a	n/a	n/a	1
293.74	0.0	AgentShock	n/a	n/a	n/a	1
294.27	0.2	AudioTone	n/a	n/a	n/a	1
294.27	0.2	AudioTone	n/a	n/a	n/a	1
294.27	0.2	Audio	n/a	n/a	n/a	1
294.28	0.0	LogShock	n/a	n/a	n/a	1
294.28999999999996	11.06000000000006	RatingScale	n/a	n/a	n/a	1
305.45000000000005	0.0	FixationCross	n/a	n/a	n/a	1
306.63	0.0	FixationCross	n/a	n/a	n/a	1
311.03	4.160000000000082	Agency	n/a	4.160000000000082	4.399999999999977	2.0512595708538477
311.03	0.5	Audio	n/a	n/a	n/a	1
311.03	0.5	AudioInstruction	n/a	4.160000000000082	4.399999999999977	1
311.03	0.5	AudioDontSendShock	n/a	n/a	n/a	1
313.55999999999995	0.0	Map2	n/a	n/a	n/a	1
314.99000000000007	1.5	WitnessNoShock	n/a	n/a	n/a	1
315.19000000000005	0.0	AgentNoShock	n/a	n/a	n/a	1
315.42999999999995	0.2	AudioTone	n/a	n/a	n/a	1
315.42999999999995	0.2	Audio	n/a	n/a	n/a	1
315.42999999999995	0.0	LogNoShock	n/a	n/a	n/a	1
315.42999999999995	0.2	AudioTone	n/a	n/a	n/a	1
315.43999999999994	10.06000000000006	RatingScale	n/a	n/a	n/a	1
325.6	0.0	FixationCross	n/a	n/a	n/a	1
326.99	0.0	FixationCross	n/a	n/a	n/a	1
327.19000000000005	0.5	Audio	n/a	n/a	n/a	1
327.19000000000005	0.5	AudioInstruction	n/a	3.3799999999999955	4.209999999999923	1
327.19000000000005	0.5	AudioDontSendShock	n/a	n/a	n/a	1
327.19000000000005	3.3799999999999955	Agency	n/a	3.3799999999999955	4.209999999999923	-0.0677183864682483
329.72	0.0	Map2	n/a	n/a	n/a	1
330.57000000000005	0.0	Button	n/a	n/a	n/a	1
330.57000000000005	0.0	AgentNoShock	n/a	n/a	n/a	1
331.2	1.5	WitnessNoShock	n/a	n/a	n/a	1
331.4	0.2	AudioTone	n/a	n/a	n/a	1
331.4	0.2	AudioTone	n/a	n/a	n/a	1
331.4	0.0	LogNoShock	n/a	n/a	n/a	1
331.40999999999997	8.06000000000006	RatingScale	n/a	n/a	n/a	1
339.58000000000004	0.0	FixationCross	n/a	n/a	n/a	1
340.77	0.0	FixationCross	n/a	n/a	n/a	1
345.16999999999996	0.5	Audio	n/a	n/a	n/a	1
345.16999999999996	0.5	AudioInstruction	n/a	3.490000000000009	4.0200000000000955	1
345.16999999999996	0.5	AudioDontSendShock	n/a	n/a	n/a	1
345.16999999999996	3.490000000000009	Agency	n/a	3.490000000000009	4.0200000000000955	0.2464238002116733
347.70000000000005	0.0	Map1	n/a	n/a	n/a	1
348.46	1.5	WitnessNoShock	n/a	n/a	n/a	1
348.65999999999997	0.0	AgentNoShock	n/a	n/a	n/a	1
349.19000000000005	0.2	AudioTone	n/a	n/a	n/a	1
349.19000000000005	0.2	Audio	n/a	n/a	n/a	1
349.19000000000005	0.0	LogNoShock	n/a	n/a	n/a	1
349.19000000000005	0.2	AudioTone	n/a	n/a	n/a	1
349.20000000000005	10.039999999999964	RatingScale	n/a	n/a	n/a	1
359.34000000000003	0.0	FixationCross	n/a	n/a	n/a	1
360.89	0.0	FixationCross	n/a	n/a	n/a	1
362.89	3.5399999999999636	Agency	n/a	3.5399999999999636	4.07000000000005	-0.17737179125282965
362.89	0.5	AudioInstruction	n/a	3.5399999999999636	4.07000000000005	1
362.89	0.5	Audio	n/a	n/a	n/a	1
362.89	0.5	AudioSendShock	n/a	n/a	n/a	1
365.41999999999996	0.0	Map1	n/a	n/a	n/a	1
366.42999999999995	0.0	AgentShock	n/a	n/a	n/a	1
366.42999999999995	0.0	Button	n/a	n/a	n/a	1
366.76000000000005	1.5	WitnessShock	n/a	n/a	n/a	1
366.96000000000004	0.2	Audio	n/a	n/a	n/a	1
366.96000000000004	0.2	AudioTone	n/a	n/a	n/a	1
366.97	0.0	LogShock	n/a	n/a	n/a	1
366.98	9.059999999999945	RatingScale	n/a	n/a	n/a	1
376.15	0.0	FixationCross	n/a	n/a	n/a	1
378.0	0.0	FixationCross	n/a	n/a	n/a	1
380.0	0.5	Audio	n/a	n/a	n/a	1
380.0	0.5	AudioDontSendShock	n/a	n/a	n/a	1
380.0	0.5	AudioInstruction	n/a	3.42999999999995	4.259999999999991	1
380.0	3.42999999999995	Agency	n/a	3.42999999999995	4.259999999999991	-0.029191514517076658
382.52	0.0	Map2	n/a	n/a	n/a	1
383.22999999999996	1.5	WitnessNoShock	n/a	n/a	n/a	1
383.42999999999995	0.0	AgentNoShock	n/a	n/a	n/a	1
384.26	0.2	AudioTone	n/a	n/a	n/a	1
384.26	0.2	AudioTone	n/a	n/a	n/a	1
384.26	0.0	LogNoShock	n/a	n/a	n/a	1
384.26	0.2	Audio	n/a	n/a	n/a	1
384.27	10.050000000000068	RatingScale	n/a	n/a	n/a	1
394.42999999999995	0.0	FixationCross	n/a	n/a	n/a	1
396.1	0.0	FixationCross	n/a	n/a	n/a	1
398.70000000000005	3.669999999999959	Agency	n/a	3.669999999999959	3.909999999999968	1.0139976337029333
398.70000000000005	0.5	AudioInstruction	n/a	3.669999999999959	3.909999999999968	1
398.70000000000005	0.5	AudioSendShock	n/a	n/a	n/a	1
398.70000000000005	0.5	Audio	n/a	n/a	n/a	1
401.23	0.0	Map2	n/a	n/a	n/a	1
402.17	1.5	WitnessShock	n/a	n/a	n/a	1
402.37	0.0	AgentShock	n/a	n/a	n/a	1
402.61	0.2	Audio	n/a	n/a	n/a	1
402.61	0.2	AudioTone	n/a	n/a	n/a	1
402.61	0.0	LogShock	n/a	n/a	n/a	1
402.61	0.2	AudioTone	n/a	n/a	n/a	1
402.62	11.07000000000005	RatingScale	n/a	n/a	n/a	1
413.78999999999996	0.0	FixationCross	n/a	n/a	n/a	1
415.52	0.0	FixationCross	n/a	n/a	n/a	1
418.12	0.5	AudioInstruction	n/a	3.269999999999982	3.509999999999991	1
418.12	0.5	AudioSendShock	n/a	n/a	n/a	1
418.12	0.5	Audio	n/a	n/a	n/a	1
418.12	3.269999999999982	Agency	n/a	3.269999999999982	3.509999999999991	-0.2633163517595354
420.64	0.0	Map1	n/a	n/a	n/a	1
421.19	1.5	WitnessShock	n/a	n/a	n/a	1
421.39	0.0	AgentShock	n/a	n/a	n/a	1
421.63	0.0	LogShock	n/a	n/a	n/a	1
421.63	0.2	AudioTone	n/a	n/a	n/a	1
421.63	0.2	Audio	n/a	n/a	n/a	1
421.63	0.2	AudioTone	n/a	n/a	n/a	1
421.65	9.06000000000006	RatingScale	n/a	n/a	n/a	1
430.82000000000005	0.0	FixationCross	n/a	n/a	n/a	1
432.5	0.0	FixationCross	n/a	n/a	n/a	1
432.70000000000005	0.5	AudioSendShock	n/a	n/a	n/a	1
432.70000000000005	0.5	Audio	n/a	n/a	n/a	1
432.70000000000005	0.5	AudioInstruction	n/a	3.599999999999909	3.8299999999999272	1
432.70000000000005	3.599999999999909	Agency	n/a	3.599999999999909	3.8299999999999272	1.0554881111888073
435.23	0.0	Map2	n/a	n/a	n/a	1
436.29999999999995	0.0	Button	n/a	n/a	n/a	1
436.29999999999995	0.0	AgentShock	n/a	n/a	n/a	1
436.33	1.5	WitnessShock	n/a	n/a	n/a	1
436.53	0.2	Audio	n/a	n/a	n/a	1
436.53	0.2	AudioTone	n/a	n/a	n/a	1
436.53999999999996	0.0	LogShock	n/a	n/a	n/a	1
436.54999999999995	11.06000000000006	RatingScale	n/a	n/a	n/a	1
447.72	0.0	FixationCross	n/a	n/a	n/a	1
449.49	0.0	FixationCross	n/a	n/a	n/a	1
455.69000000000005	3.2899999999999636	Agency	n/a	3.2899999999999636	4.1099999999999	-0.9330912026053737
455.69000000000005	0.5	AudioInstruction	n/a	3.2899999999999636	4.1099999999999	1
455.69000000000005	0.5	AudioSendShock	n/a	n/a	n/a	1
455.69000000000005	0.5	Audio	n/a	n/a	n/a	1
458.22	0.0	Map2	n/a	n/a	n/a	1
458.78000000000003	1.5	WitnessShock	n/a	n/a	n/a	1
458.98	0.0	AgentShock	n/a	n/a	n/a	1
459.79999999999995	0.2	AudioTone	n/a	n/a	n/a	1
459.79999999999995	0.2	AudioTone	n/a	n/a	n/a	1
459.79999999999995	0.2	Audio	n/a	n/a	n/a	1
459.80999999999995	0.0	LogShock	n/a	n/a	n/a	1
459.81999999999994	9.06000000000006	RatingScale	n/a	n/a	n/a	1
468.99	0.0	FixationCross	n/a	n/a	n/a	1
470.89	0.0	FixationCross	n/a	n/a	n/a	1
474.09000000000003	3.2099999999999227	Agency	n/a	3.2099999999999227	3.740000000000009	-1.6799197973538909
474.09000000000003	0.5	AudioInstruction	n/a	3.2099999999999227	3.740000000000009	1
474.09000000000003	0.5	AudioDontSendShock	n/a	n/a	n/a	1
474.09000000000003	0.5	Audio	n/a	n/a	n/a	1
476.62	0.0	Map2	n/a	n/a	n/a	1
477.29999999999995	0.0	AgentNoShock	n/a	n/a	n/a	1
477.29999999999995	0.0	Button	n/a	n/a	n/a	1
477.63000000000005	1.5	WitnessNoShock	n/a	n/a	n/a	1
477.83000000000004	0.2	Audio	n/a	n/a	n/a	1
477.83000000000004	0.2	AudioTone	n/a	n/a	n/a	1
477.83000000000004	0.2	AudioTone	n/a	n/a	n/a	1
477.84000000000003	8.039999999999964	RatingScale	n/a	n/a	n/a	1
485.99	0.0	FixationCross	n/a	n/a	n/a	1
487.65999999999997	0.0	FixationCross	n/a	n/a	n/a	1
492.05999999999995	0.5	AudioDontSendShock	n/a	n/a	n/a	1
492.05999999999995	0.5	AudioInstruction	n/a	3.810000000000059	4.340000000000032	1
492.05999999999995	0.5	Audio	n/a	n/a	n/a	1
492.05999999999995	3.810000000000059	Agency	n/a	3.810000000000059	4.340000000000032	0.7946908241342563
494.5899999999999	0.0	Map2	n/a	n/a	n/a	1
495.87	0.0	Button	n/a	n/a	n/a	1
495.87	0.0	AgentNoShock	n/a	n/a	n/a	1
496.2	1.5	WitnessNoShock	n/a	n/a	n/a	1
496.4	0.2	AudioTone	n/a	n/a	n/a	1
496.4	0.2	AudioTone	n/a	n/a	n/a	1
496.4	0.2	Audio	n/a	n/a	n/a	1
496.40999999999997	10.049999999999955	RatingScale	n/a	n/a	n/a	1
506.55999999999995	0.0	FixationCross	n/a	n/a	n/a	1
507.78	0.0	FixationCross	n/a	n/a	n/a	1
507.98	0.5	AudioInstruction	n/a	3.7999999999999545	4.039999999999964	1
507.98	0.5	Audio	n/a	n/a	n/a	1
507.98	0.5	AudioSendShock	n/a	n/a	n/a	1
507.98	3.7999999999999545	Agency	n/a	3.7999999999999545	4.039999999999964	0.9339802842655915
510.51	0.0	Map1	n/a	n/a	n/a	1
511.78	0.0	Button	n/a	n/a	n/a	1
511.78	0.0	AgentShock	n/a	n/a	n/a	1
511.82	1.5	WitnessShock	n/a	n/a	n/a	1
512.02	0.2	AudioTone	n/a	n/a	n/a	1
512.02	0.0	LogShock	n/a	n/a	n/a	1
512.02	0.2	AudioTone	n/a	n/a	n/a	1
512.03	10.059999999999945	RatingScale	n/a	n/a	n/a	1
522.1899999999999	0.0	FixationCross	n/a	n/a	n/a	1
523.81	0.0	FixationCross	n/a	n/a	n/a	1
525.81	0.5	Audio	n/a	n/a	n/a	1
525.81	0.5	AudioInstruction	n/a	4.269999999999982	5.100000000000023	1
525.81	0.5	AudioDontSendShock	n/a	n/a	n/a	1
525.81	4.269999999999982	Agency	n/a	4.269999999999982	5.100000000000023	1.1355054606263506
528.3399999999999	0.0	Map2	n/a	n/a	n/a	1
529.8799999999999	1.5	WitnessNoShock	n/a	n/a	n/a	1
530.0799999999999	0.0	AgentNoShock	n/a	n/a	n/a	1
530.91	0.0	LogNoShock	n/a	n/a	n/a	1
530.91	0.2	AudioTone	n/a	n/a	n/a	1
530.91	0.2	AudioTone	n/a	n/a	n/a	1
530.91	0.2	Audio	n/a	n/a	n/a	1
530.92	9.06000000000006	RatingScale	n/a	n/a	n/a	1
540.0899999999999	0.0	FixationCross	n/a	n/a	n/a	1
541.29	0.0	FixationCross	n/a	n/a	n/a	1
544.49	3.490000000000009	Agency	n/a	3.490000000000009	4.319999999999936	-0.2899888015718962
544.49	0.5	Audio	n/a	n/a	n/a	1
544.49	0.5	AudioInstruction	n/a	3.490000000000009	4.319999999999936	1
544.49	0.5	AudioSendShock	n/a	n/a	n/a	1
547.02	0.0	Map2	n/a	n/a	n/a	1
547.98	0.0	AgentShock	n/a	n/a	n/a	1
547.98	0.0	Button	n/a	n/a	n/a	1
548.6099999999999	1.5	WitnessShock	n/a	n/a	n/a	1
548.81	0.2	AudioTone	n/a	n/a	n/a	1
548.81	0.0	LogShock	n/a	n/a	n/a	1
548.81	0.2	AudioTone	n/a	n/a	n/a	1
548.8199999999999	11.06000000000006	RatingScale	n/a	n/a	n/a	1
559.99	0.0	FixationCross	n/a	n/a	n/a	1
561.9399999999999	0.0	FixationCross	n/a	n/a	n/a	1
563.9399999999999	0.5	Audio	n/a	n/a	n/a	1
563.9399999999999	0.5	AudioInstruction	n/a	3.240000000000009	3.769999999999982	1
563.9399999999999	0.5	AudioDontSendShock	n/a	n/a	n/a	1
563.9399999999999	3.240000000000009	Agency	n/a	3.240000000000009	3.769999999999982	-1.3983772715556282
566.47	0.0	Map1	n/a	n/a	n/a	1
566.9799999999999	1.5	WitnessNoShock	n/a	n/a	n/a	1
567.18	0.0	AgentNoShock	n/a	n/a	n/a	1
567.7099999999999	0.2	Audio	n/a	n/a	n/a	1
567.7099999999999	0.0	LogNoShock	n/a	n/a	n/a	1
567.7099999999999	0.2	AudioTone	n/a	n/a	n/a	1
567.7099999999999	0.2	AudioTone	n/a	n/a	n/a	1
567.7199999999999	9.06000000000006	RatingScale	n/a	n/a	n/a	1
576.89	0.0	FixationCross	n/a	n/a	n/a	1
578.0	0.0	FixationCross	n/a	n/a	n/a	1
578.8	3.560000000000059	Agency	n/a	3.560000000000059	3.7899999999999636	0.4183129212253414
578.8	0.5	AudioInstruction	n/a	3.560000000000059	3.7899999999999636	1
578.8	0.5	Audio	n/a	n/a	n/a	1
578.8	0.5	AudioDontSendShock	n/a	n/a	n/a	1
581.3299999999999	0.0	Map1	n/a	n/a	n/a	1
582.36	0.0	Button	n/a	n/a	n/a	1
582.36	0.0	AgentNoShock	n/a	n/a	n/a	1
582.3899999999999	1.5	WitnessNoShock	n/a	n/a	n/a	1
582.5899999999999	0.2	Audio	n/a	n/a	n/a	1
582.5899999999999	0.2	AudioTone	n/a	n/a	n/a	1
582.5899999999999	0.2	AudioTone	n/a	n/a	n/a	1
582.5999999999999	8.06000000000006	RatingScale	n/a	n/a	n/a	1
590.77	0.0	FixationCross	n/a	n/a	n/a	1
592.14	0.0	FixationCross	n/a	n/a	n/a	1
595.9399999999999	0.5	Audio	n/a	n/a	n/a	1
595.9399999999999	3.4600000000000364	Agency	n/a	3.4600000000000364	3.990000000000009	0.37978604927396836
595.9399999999999	0.5	AudioDontSendShock	n/a	n/a	n/a	1
595.9399999999999	0.5	AudioInstruction	n/a	3.4600000000000364	3.990000000000009	1
598.47	0.0	Map2	n/a	n/a	n/a	1
599.4	0.0	AgentNoShock	n/a	n/a	n/a	1
599.4	0.0	Button	n/a	n/a	n/a	1
599.7299999999999	1.5	WitnessNoShock	n/a	n/a	n/a	1
599.93	0.2	AudioTone	n/a	n/a	n/a	1
599.93	0.0	LogNoShock	n/a	n/a	n/a	1
599.93	0.2	AudioTone	n/a	n/a	n/a	1
599.9399999999999	11.07000000000005	RatingScale	n/a	n/a	n/a	1
611.12	0.0	FixationCross	n/a	n/a	n/a	1
612.74	0.0	FixationCross	n/a	n/a	n/a	1
612.9399999999999	0.5	AudioInstruction	n/a	3.7100000000000364	4.540000000000077	1
612.9399999999999	0.5	Audio	n/a	n/a	n/a	1
612.9399999999999	0.5	AudioDontSendShock	n/a	n/a	n/a	1
612.9399999999999	3.7100000000000364	Agency	n/a	3.7100000000000364	4.540000000000077	-0.6367306491335716
615.4599999999999	0.0	Map1	n/a	n/a	n/a	1
616.65	0.0	AgentNoShock	n/a	n/a	n/a	1
616.65	0.0	Button	n/a	n/a	n/a	1
617.28	1.5	WitnessNoShock	n/a	n/a	n/a	1
617.48	0.2	Audio	n/a	n/a	n/a	1
617.48	0.0	LogNoShock	n/a	n/a	n/a	1
617.48	0.2	AudioTone	n/a	n/a	n/a	1
617.49	10.049999999999955	RatingScale	n/a	n/a	n/a	1
627.65	0.0	FixationCross	n/a	n/a	n/a	1
629.16	0.0	FixationCross	n/a	n/a	n/a	1
631.76	0.5	AudioInstruction	n/a	4.269999999999982	4.5	1
631.76	0.5	Audio	n/a	n/a	n/a	1
631.76	0.5	AudioSendShock	n/a	n/a	n/a	1
631.76	4.269999999999982	Agency	n/a	4.269999999999982	4.5	2.0631139929924154
634.29	0.0	Map1	n/a	n/a	n/a	1
635.8299999999999	1.5	WitnessShock	n/a	n/a	n/a	1
636.03	0.0	AgentShock	n/a	n/a	n/a	1
636.26	0.2	AudioTone	n/a	n/a	n/a	1
636.26	0.0	LogShock	n/a	n/a	n/a	1
636.26	0.2	Audio	n/a	n/a	n/a	1
636.26	0.2	AudioTone	n/a	n/a	n/a	1
636.27	9.059999999999945	RatingScale	n/a	n/a	n/a	1
645.43	0.0	FixationCross	n/a	n/a	n/a	1
647.28	0.0	FixationCross	n/a	n/a	n/a	1
647.48	0.5	Audio	n/a	n/a	n/a	1
647.48	0.5	AudioInstruction	n/a	3.339999999999918	3.5699999999999363	1
647.48	3.339999999999918	Agency	n/a	3.339999999999918	3.5699999999999363	0.03304420171186269
647.48	0.5	AudioDontSendShock	n/a	n/a	n/a	1
650.01	0.0	Map1	n/a	n/a	n/a	1
650.8199999999999	0.0	Button	n/a	n/a	n/a	1
650.8199999999999	0.0	AgentNoShock	n/a	n/a	n/a	1
650.8499999999999	1.5	WitnessNoShock	n/a	n/a	n/a	1
651.05	0.2	AudioTone	n/a	n/a	n/a	1
651.05	0.2	AudioTone	n/a	n/a	n/a	1
651.05	0.2	Audio	n/a	n/a	n/a	1
651.06	9.06000000000006	RatingScale	n/a	n/a	n/a	1
660.22	0.0	FixationCross	n/a	n/a	n/a	1
661.79	0.0	FixationCross	n/a	n/a	n/a	1
665.5899999999999	0.5	AudioDontSendShock	n/a	n/a	n/a	1
665.5899999999999	0.5	AudioInstruction	n/a	3.1200000000000045	3.9500000000000455	1
665.5899999999999	3.1200000000000045	Agency	n/a	3.1200000000000045	3.9500000000000455	-0.989399707764853
665.5899999999999	0.5	Audio	n/a	n/a	n/a	1
668.12	0.0	Map1	n/a	n/a	n/a	1
668.5099999999999	1.5	WitnessNoShock	n/a	n/a	n/a	1
668.7099999999999	0.0	AgentNoShock	n/a	n/a	n/a	1
669.54	0.2	AudioTone	n/a	n/a	n/a	1
669.54	0.2	Audio	n/a	n/a	n/a	1
669.54	0.2	AudioTone	n/a	n/a	n/a	1
669.54	0.0	LogNoShock	n/a	n/a	n/a	1
669.55	8.07000000000005	RatingScale	n/a	n/a	n/a	1
677.72	0.0	FixationCross	n/a	n/a	n/a	1
678.99	0.0	FixationCross	n/a	n/a	n/a	1
683.99	0.5	AudioInstruction	n/a	3.5499999999999545	3.7799999999999727	1
683.99	0.5	AudioSendShock	n/a	n/a	n/a	1
683.99	0.5	Audio	n/a	n/a	n/a	1
683.99	3.5499999999999545	Agency	n/a	3.5499999999999545	3.7799999999999727	0.12195236775344584
686.52	0.0	Map2	n/a	n/a	n/a	1
687.3399999999999	1.5	WitnessShock	n/a	n/a	n/a	1
687.54	0.0	AgentShock	n/a	n/a	n/a	1
687.77	0.2	AudioTone	n/a	n/a	n/a	1
687.77	0.2	AudioTone	n/a	n/a	n/a	1
687.77	0.0	LogShock	n/a	n/a	n/a	1
687.77	0.2	Audio	n/a	n/a	n/a	1
687.78	11.039999999999964	RatingScale	n/a	n/a	n/a	1
698.92	0.0	FixationCross	n/a	n/a	n/a	1
700.67	0.0	FixationCross	n/a	n/a	n/a	1
702.0699999999999	3.3600000000000136	Agency	n/a	3.3600000000000136	3.8899999999999864	-0.4796595557936983
702.0699999999999	0.5	AudioSendShock	n/a	n/a	n/a	1
702.0699999999999	0.5	Audio	n/a	n/a	n/a	1
702.0699999999999	0.5	AudioInstruction	n/a	3.3600000000000136	3.8899999999999864	1
704.6	0.0	Map2	n/a	n/a	n/a	1
705.2299999999999	1.5	WitnessShock	n/a	n/a	n/a	1
705.43	0.0	AgentShock	n/a	n/a	n/a	1
705.9599999999999	0.2	Audio	n/a	n/a	n/a	1
705.9599999999999	0.2	AudioTone	n/a	n/a	n/a	1
705.9599999999999	0.2	AudioTone	n/a	n/a	n/a	1
705.97	0.0	LogShock	n/a	n/a	n/a	1
705.98	10.069999999999936	RatingScale	n/a	n/a	n/a	1
716.15	0.0	FixationCross	n/a	n/a	n/a	1
717.3399999999999	0.0	FixationCross	n/a	n/a	n/a	1
721.14	3.3999999999999773	Agency	n/a	3.3999999999999773	3.919999999999959	-1.0368173963203884
721.14	0.5	Audio	n/a	n/a	n/a	1
721.14	0.5	AudioSendShock	n/a	n/a	n/a	1
721.14	0.5	AudioInstruction	n/a	3.3999999999999773	3.919999999999959	1
723.67	0.0	Map1	n/a	n/a	n/a	1
724.3399999999999	1.5	WitnessShock	n/a	n/a	n/a	1
724.54	0.0	AgentShock	n/a	n/a	n/a	1
725.06	0.2	AudioTone	n/a	n/a	n/a	1
725.06	0.2	Audio	n/a	n/a	n/a	1
725.06	0.2	AudioTone	n/a	n/a	n/a	1
725.0699999999999	0.0	LogShock	n/a	n/a	n/a	1
725.0799999999999	9.06000000000006	RatingScale	n/a	n/a	n/a	1
734.24	0.0	FixationCross	n/a	n/a	n/a	1
735.9499999999999	0.0	FixationCross	n/a	n/a	n/a	1
736.15	0.5	AudioInstruction	n/a	3.230000000000018	4.059999999999945	1
736.15	0.5	Audio	n/a	n/a	n/a	1
736.15	0.5	AudioDontSendShock	n/a	n/a	n/a	1
736.15	3.230000000000018	Agency	n/a	3.230000000000018	4.059999999999945	-1.1820340675213443
738.68	0.0	Map2	n/a	n/a	n/a	1
739.18	1.5	WitnessNoShock	n/a	n/a	n/a	1
739.38	0.0	AgentNoShock	n/a	n/a	n/a	1
740.2099999999999	0.2	AudioTone	n/a	n/a	n/a	1
740.2099999999999	0.2	AudioTone	n/a	n/a	n/a	1
740.2099999999999	0.0	LogNoShock	n/a	n/a	n/a	1
740.2099999999999	0.2	Audio	n/a	n/a	n/a	1
740.2199999999999	9.120000000000005	RatingScale	n/a	n/a	n/a	1
749.4499999999999	0.0	FixationCross	n/a	n/a	n/a	1
751.12	0.0	FixationCross	n/a	n/a	n/a	1
752.52	3.3600000000000136	Agency	n/a	3.3600000000000136	3.8899999999999864	-0.26627995729415616
752.52	0.5	AudioSendShock	n/a	n/a	n/a	1
752.52	0.5	Audio	n/a	n/a	n/a	1
752.52	0.5	AudioInstruction	n/a	3.3600000000000136	3.8899999999999864	1
755.05	0.0	Map1	n/a	n/a	n/a	1
755.88	0.0	Button	n/a	n/a	n/a	1
755.88	0.0	AgentShock	n/a	n/a	n/a	1
756.2099999999999	1.5	WitnessShock	n/a	n/a	n/a	1
756.41	0.2	AudioTone	n/a	n/a	n/a	1
756.41	0.0	LogShock	n/a	n/a	n/a	1
756.41	0.2	AudioTone	n/a	n/a	n/a	1
756.42	10.07000000000005	RatingScale	n/a	n/a	n/a	1
766.5899999999999	0.0	FixationCross	n/a	n/a	n/a	1
767.86	0.0	FixationCross	n/a	n/a	n/a	1
774.66	3.269999999999982	Agency	n/a	3.269999999999982	3.5	-0.257389140690103
774.66	0.5	AudioSendShock	n/a	n/a	n/a	1
774.66	0.5	Audio	n/a	n/a	n/a	1
774.66	0.5	AudioInstruction	n/a	3.269999999999982	3.5	1
777.1899999999999	0.0	Map2	n/a	n/a	n/a	1
777.93	0.0	AgentShock	n/a	n/a	n/a	1
777.93	0.0	Button	n/a	n/a	n/a	1
777.9599999999999	1.5	WitnessShock	n/a	n/a	n/a	1
778.16	0.2	Audio	n/a	n/a	n/a	1
778.16	0.2	AudioTone	n/a	n/a	n/a	1
778.16	0.0	LogShock	n/a	n/a	n/a	1
778.17	8.07000000000005	RatingScale	n/a	n/a	n/a	1
786.35	0.0	FixationCross	n/a	n/a	n/a	1
787.5699999999999	0.0	FixationCross	n/a	n/a	n/a	1
788.97	3.689999999999941	Agency	n/a	3.689999999999941	4.519999999999982	0.7176370802312931
788.97	0.5	AudioSendShock	n/a	n/a	n/a	1
788.97	0.5	Audio	n/a	n/a	n/a	1
788.97	0.5	AudioInstruction	n/a	3.689999999999941	4.519999999999982	1
791.5	0.0	Map1	n/a	n/a	n/a	1
792.66	0.0	Button	n/a	n/a	n/a	1
792.66	0.0	AgentShock	n/a	n/a	n/a	1
793.29	1.5	WitnessShock	n/a	n/a	n/a	1
793.49	0.2	AudioTone	n/a	n/a	n/a	1
793.49	0.2	Audio	n/a	n/a	n/a	1
793.49	0.0	LogShock	n/a	n/a	n/a	1
793.5	8.069999999999936	RatingScale	n/a	n/a	n/a	1
801.67	0.0	FixationCross	n/a	n/a	n/a	1
802.88	0.0	FixationCross	n/a	n/a	n/a	1
806.68	3.2000000000000455	Agency	n/a	3.2000000000000455	3.730000000000018	-0.9893997077647319
806.68	0.5	AudioInstruction	n/a	3.2000000000000455	3.730000000000018	1
806.68	0.5	Audio	n/a	n/a	n/a	1
806.68	0.5	AudioSendShock	n/a	n/a	n/a	1
809.1999999999999	0.0	Map2	n/a	n/a	n/a	1
809.68	1.5	WitnessShock	n/a	n/a	n/a	1
809.88	0.0	AgentShock	n/a	n/a	n/a	1
810.41	0.2	AudioTone	n/a	n/a	n/a	1
810.41	0.2	AudioTone	n/a	n/a	n/a	1
810.41	0.2	Audio	n/a	n/a	n/a	1
810.41	0.0	LogShock	n/a	n/a	n/a	1
810.42	9.06000000000006	RatingScale	n/a	n/a	n/a	1
819.5899999999999	0.0	FixationCross	n/a	n/a	n/a	1
820.77	0.0	FixationCross	n/a	n/a	n/a	1
821.5699999999999	3.6399999999999864	Agency	n/a	3.6399999999999864	3.8700000000000045	1.0110340281682981
821.5699999999999	0.5	AudioInstruction	n/a	3.6399999999999864	3.8700000000000045	1
821.5699999999999	0.5	AudioDontSendShock	n/a	n/a	n/a	1
821.5699999999999	0.5	Audio	n/a	n/a	n/a	1
824.1	0.0	Map1	n/a	n/a	n/a	1
825.0099999999999	1.5	WitnessNoShock	n/a	n/a	n/a	1
825.2099999999999	0.0	AgentNoShock	n/a	n/a	n/a	1
825.4399999999999	0.2	Audio	n/a	n/a	n/a	1
825.4399999999999	0.2	AudioTone	n/a	n/a	n/a	1
825.4399999999999	0.2	AudioTone	n/a	n/a	n/a	1
825.4399999999999	0.0	LogNoShock	n/a	n/a	n/a	1
825.4499999999999	10.06000000000006	RatingScale	n/a	n/a	n/a	1
835.62	0.0	FixationCross	n/a	n/a	n/a	1
836.88	0.0	FixationCross	n/a	n/a	n/a	1
843.0799999999999	0.5	AudioSendShock	n/a	n/a	n/a	1
843.0799999999999	0.5	AudioInstruction	n/a	3.2200000000000273	4.050000000000068	1
843.0799999999999	0.5	Audio	n/a	n/a	n/a	1
843.0799999999999	3.2200000000000273	Agency	n/a	3.2200000000000273	4.050000000000068	-1.2709422335627918
845.61	0.0	Map1	n/a	n/a	n/a	1
846.3	0.0	Button	n/a	n/a	n/a	1
846.3	0.0	AgentShock	n/a	n/a	n/a	1
846.93	1.5	WitnessShock	n/a	n/a	n/a	1
847.13	0.2	AudioTone	n/a	n/a	n/a	1
847.13	0.0	LogShock	n/a	n/a	n/a	1
847.13	0.2	AudioTone	n/a	n/a	n/a	1
847.14	11.059999999999945	RatingScale	n/a	n/a	n/a	1
858.31	0.0	FixationCross	n/a	n/a	n/a	1
860.31	0.0	FixationCross	n/a	n/a	n/a	1
862.31	0.5	AudioInstruction	n/a	3.8799999999999955	4.410000000000082	1
862.31	3.8799999999999955	Agency	n/a	3.8799999999999955	4.410000000000082	0.7206006857661705
862.31	0.5	Audio	n/a	n/a	n/a	1
862.31	0.5	AudioDontSendShock	n/a	n/a	n/a	1
864.8399999999999	0.0	Map1	n/a	n/a	n/a	1
866.1899999999999	0.0	AgentNoShock	n/a	n/a	n/a	1
866.1899999999999	0.0	Button	n/a	n/a	n/a	1
866.52	1.5	WitnessNoShock	n/a	n/a	n/a	1
866.72	0.2	AudioTone	n/a	n/a	n/a	1
866.72	0.0	LogNoShock	n/a	n/a	n/a	1
866.72	0.2	Audio	n/a	n/a	n/a	1
866.73	9.049999999999955	RatingScale	n/a	n/a	n/a	1
875.89	0.0	FixationCross	n/a	n/a	n/a	1
876.9499999999999	0.0	FixationCross	n/a	n/a	n/a	1
877.15	0.5	AudioInstruction	n/a	3.830000000000041	4.659999999999968	1
877.15	0.5	AudioDontSendShock	n/a	n/a	n/a	1
877.15	0.5	Audio	n/a	n/a	n/a	1
877.15	3.830000000000041	Agency	n/a	3.830000000000041	4.659999999999968	-0.029191514516806856
879.67	0.0	Map1	n/a	n/a	n/a	1
880.78	1.5	WitnessNoShock	n/a	n/a	n/a	1
880.98	0.0	AgentNoShock	n/a	n/a	n/a	1
881.81	0.0	LogNoShock	n/a	n/a	n/a	1
881.81	0.2	Audio	n/a	n/a	n/a	1
881.81	0.2	AudioTone	n/a	n/a	n/a	1
881.81	0.2	AudioTone	n/a	n/a	n/a	1
881.8199999999999	8.07000000000005	RatingScale	n/a	n/a	n/a	1
889.99	0.0	FixationCross	n/a	n/a	n/a	1
891.99	0.0	FixationCross	n/a	n/a	n/a	1
893.39	3.6499999999999773	Agency	n/a	3.6499999999999773	4.480000000000018	1.0436336890501452
893.39	0.5	Audio	n/a	n/a	n/a	1
893.39	0.5	AudioInstruction	n/a	3.6499999999999773	4.480000000000018	1
893.39	0.5	AudioDontSendShock	n/a	n/a	n/a	1
895.92	0.0	Map2	n/a	n/a	n/a	1
896.8399999999999	1.5	WitnessNoShock	n/a	n/a	n/a	1
897.04	0.0	AgentNoShock	n/a	n/a	n/a	1
897.87	0.0	LogNoShock	n/a	n/a	n/a	1
897.87	0.2	AudioTone	n/a	n/a	n/a	1
897.87	0.2	AudioTone	n/a	n/a	n/a	1
897.87	0.2	Audio	n/a	n/a	n/a	1
897.89	8.049999999999955	RatingScale	n/a	n/a	n/a	1
906.05	0.0	FixationCross	n/a	n/a	n/a	1
907.11	0.0	FixationCross	n/a	n/a	n/a	1
907.91	0.5	AudioInstruction	n/a	3.2899999999999636	3.5299999999999727	1
907.91	0.5	AudioSendShock	n/a	n/a	n/a	1
907.91	0.5	Audio	n/a	n/a	n/a	1
907.91	3.2899999999999636	Agency	n/a	3.2899999999999636	3.5299999999999727	-0.10624525841964895
910.4399999999999	0.0	Map1	n/a	n/a	n/a	1
911.1999999999999	0.0	Button	n/a	n/a	n/a	1
911.1999999999999	0.0	AgentShock	n/a	n/a	n/a	1
911.2399999999999	1.5	WitnessShock	n/a	n/a	n/a	1
911.4399999999999	0.2	AudioTone	n/a	n/a	n/a	1
911.4399999999999	0.2	AudioTone	n/a	n/a	n/a	1
911.4399999999999	0.0	LogShock	n/a	n/a	n/a	1
911.4499999999999	9.07000000000005	RatingScale	n/a	n/a	n/a	1
920.62	0.0	FixationCross	n/a	n/a	n/a	1
922.64	0.0	FixationCross	n/a	n/a	n/a	1
929.4399999999999	3.230000000000018	Agency	n/a	3.230000000000018	3.4600000000000364	-1.0842350848757198
929.4399999999999	0.5	Audio	n/a	n/a	n/a	1
929.4399999999999	0.5	AudioInstruction	n/a	3.230000000000018	3.4600000000000364	1
929.4399999999999	0.5	AudioDontSendShock	n/a	n/a	n/a	1
931.9599999999999	0.0	Map1	n/a	n/a	n/a	1
932.4699999999999	1.5	WitnessNoShock	n/a	n/a	n/a	1
932.67	0.0	AgentNoShock	n/a	n/a	n/a	1
932.9	0.2	AudioTone	n/a	n/a	n/a	1
932.9	0.0	LogNoShock	n/a	n/a	n/a	1
932.9	0.2	Audio	n/a	n/a	n/a	1
932.9	0.2	AudioTone	n/a	n/a	n/a	1
932.91	11.06000000000006	RatingScale	n/a	n/a	n/a	1
944.0799999999999	0.0	FixationCross	n/a	n/a	n/a	1
945.42	0.0	FixationCross	n/a	n/a	n/a	1
950.42	0.5	AudioSendShock	n/a	n/a	n/a	1
950.42	0.5	AudioInstruction	n/a	3.300000000000068	3.830000000000041	1
950.42	0.5	Audio	n/a	n/a	n/a	1
950.42	3.300000000000068	Agency	n/a	3.300000000000068	3.830000000000041	-0.7256388151749533
952.9399999999999	0.0	Map1	n/a	n/a	n/a	1
953.52	1.5	WitnessShock	n/a	n/a	n/a	1
953.72	0.0	AgentShock	n/a	n/a	n/a	1
954.25	0.2	Audio	n/a	n/a	n/a	1
954.25	0.2	AudioTone	n/a	n/a	n/a	1
954.25	0.2	AudioTone	n/a	n/a	n/a	1
954.26	0.0	LogShock	n/a	n/a	n/a	1
954.27	9.059999999999945	RatingScale	n/a	n/a	n/a	1
963.43	0.0	FixationCross	n/a	n/a	n/a	1
965.0	0.0	FixationCross	n/a	n/a	n/a	1
966.4	0.5	AudioInstruction	n/a	3.259999999999991	3.490000000000009	1
966.4	0.5	AudioDontSendShock	n/a	n/a	n/a	1
966.4	0.5	Audio	n/a	n/a	n/a	1
966.4	3.259999999999991	Agency	n/a	3.259999999999991	3.490000000000009	-0.29591601264138256
968.93	0.0	Map2	n/a	n/a	n/a	1
969.4599999999999	1.5	WitnessNoShock	n/a	n/a	n/a	1
969.66	0.0	AgentNoShock	n/a	n/a	n/a	1
969.89	0.0	LogNoShock	n/a	n/a	n/a	1
969.89	0.2	AudioTone	n/a	n/a	n/a	1
969.89	0.2	Audio	n/a	n/a	n/a	1
969.89	0.2	AudioTone	n/a	n/a	n/a	1
969.9	9.059999999999945	RatingScale	n/a	n/a	n/a	1
979.06	0.0	FixationCross	n/a	n/a	n/a	1
980.97	0.0	FixationCross	n/a	n/a	n/a	1
985.37	0.5	AudioSendShock	n/a	n/a	n/a	1
985.37	0.5	AudioInstruction	n/a	4.17999999999995	4.409999999999968	1
985.37	4.17999999999995	Agency	n/a	4.17999999999995	4.409999999999968	2.4661643457136777
985.37	0.5	Audio	n/a	n/a	n/a	1
987.9	0.0	Map1	n/a	n/a	n/a	1
989.55	0.0	Button	n/a	n/a	n/a	1
989.55	0.0	AgentShock	n/a	n/a	n/a	1
989.5799999999999	1.5	WitnessShock	n/a	n/a	n/a	1
989.78	0.2	AudioTone	n/a	n/a	n/a	1
989.78	0.2	Audio	n/a	n/a	n/a	1
989.78	0.2	AudioTone	n/a	n/a	n/a	1
989.79	9.059999999999945	RatingScale	n/a	n/a	n/a	1
998.95	0.0	FixationCross	n/a	n/a	n/a	1
1000.8799999999999	0.0	FixationCross	n/a	n/a	n/a	1
1003.48	0.5	Audio	n/a	n/a	n/a	1
1003.48	0.5	AudioDontSendShock	n/a	n/a	n/a	1
1003.48	0.5	AudioInstruction	n/a	3.3599999999999	4.180000000000064	1
1003.48	3.3599999999999	Agency	n/a	3.3599999999999	4.180000000000064	0.6642921806062871
1006.01	0.0	Map2	n/a	n/a	n/a	1
1006.8399999999999	0.0	Button	n/a	n/a	n/a	1
1006.8399999999999	0.0	AgentNoShock	n/a	n/a	n/a	1
1007.46	1.5	WitnessNoShock	n/a	n/a	n/a	1
1007.6600000000001	0.2	AudioTone	n/a	n/a	n/a	1
1007.6600000000001	0.2	AudioTone	n/a	n/a	n/a	1
1007.6600000000001	0.2	Audio	n/a	n/a	n/a	1
1007.6700000000001	11.059999999999945	RatingScale	n/a	n/a	n/a	1
1018.8399999999999	0.0	FixationCross	n/a	n/a	n/a	1
1020.0799999999999	0.0	FixationCross	n/a	n/a	n/a	1
1024.48	0.5	Audio	n/a	n/a	n/a	1
1024.48	3.240000000000009	Agency	n/a	3.240000000000009	3.759999999999991	-0.553749694161609
1024.48	0.5	AudioInstruction	n/a	3.240000000000009	3.759999999999991	1
1024.48	0.5	AudioDontSendShock	n/a	n/a	n/a	1
1027.0	0.0	Map2	n/a	n/a	n/a	1
1027.52	1.5	WitnessNoShock	n/a	n/a	n/a	1
1027.72	0.0	AgentNoShock	n/a	n/a	n/a	1
1028.24	0.2	Audio	n/a	n/a	n/a	1
1028.24	0.0	LogNoShock	n/a	n/a	n/a	1
1028.24	0.2	AudioTone	n/a	n/a	n/a	1
1028.24	0.2	AudioTone	n/a	n/a	n/a	1
1028.25	10.059999999999945	RatingScale	n/a	n/a	n/a	1
1038.41	0.0	FixationCross	n/a	n/a	n/a	1
1040.12	0.0	FixationCross	n/a	n/a	n/a	1
1041.52	0.5	Audio	n/a	n/a	n/a	1
1041.52	3.3299999999999272	Agency	n/a	3.3299999999999272	4.150000000000091	-1.1257255623620124
1041.52	0.5	AudioDontSendShock	n/a	n/a	n/a	1
1041.52	0.5	AudioInstruction	n/a	3.3299999999999272	4.150000000000091	1
1044.04	0.0	Map1	n/a	n/a	n/a	1
1044.6499999999999	1.5	WitnessNoShock	n/a	n/a	n/a	1
1044.85	0.0	AgentNoShock	n/a	n/a	n/a	1
1045.67	0.2	Audio	n/a	n/a	n/a	1
1045.67	0.0	LogNoShock	n/a	n/a	n/a	1
1045.67	0.2	AudioTone	n/a	n/a	n/a	1
1045.67	0.2	AudioTone	n/a	n/a	n/a	1
1045.68	11.069999999999936	RatingScale	n/a	n/a	n/a	1
1056.85	0.0	FixationCross	n/a	n/a	n/a	1
1058.83	0.0	FixationCross	n/a	n/a	n/a	1
1060.23	0.5	AudioInstruction	n/a	3.6699999999998454	4.2000000000000455	1
1060.23	0.5	AudioSendShock	n/a	n/a	n/a	1
1060.23	0.5	Audio	n/a	n/a	n/a	1
1060.23	3.6699999999998454	Agency	n/a	3.6699999999998454	4.2000000000000455	0.16344284523914482
1062.76	0.0	Map2	n/a	n/a	n/a	1
1063.6999999999998	1.5	WitnessShock	n/a	n/a	n/a	1
1063.8999999999999	0.0	AgentShock	n/a	n/a	n/a	1
1064.43	0.2	AudioTone	n/a	n/a	n/a	1
1064.43	0.2	AudioTone	n/a	n/a	n/a	1
1064.43	0.2	Audio	n/a	n/a	n/a	1
1064.44	0.0	LogShock	n/a	n/a	n/a	1
1064.45	8.049999999999955	RatingScale	n/a	n/a	n/a	1
1072.61	12.680000000000064	RatingScale	n/a	n/a	n/a	1
1085.3	0.0	FixationCross	n/a	n/a	n/a	1
